,city,company,country,date,expired,formattedLocation,formattedLocationFull,formattedRelativeTime,indeedApply,jobkey,jobtitle,onmousedown,snippet,source,sponsored,state,stations,url
0,Seattle,FlexaSoft,US,"Wed, 08 Mar 2017 16:17:13 GMT",False,"Seattle, WA","Seattle, WA",3 days ago,True,2ecdf121badf0bf8,Software Development Engineer,"indeed_clk(this,'2562');","Core competencies in JavaScript (node.js) and/or C++ or <b>Java</b>. Familiarity with scripting languages such as Ruby, Perl or <b>Python</b> and functional programming....",Indeed,False,WA,,http://www.indeed.com/viewjob?jk=2ecdf121badf0bf8&qd=kzI5tJZPkWJqoVrEwKNhYpIFnsRgledjPocYT4JdGR8ZLu9kPmp6_s1DELwBDGVOuRJIGPm8XICDSN9P7pG7oP5ppg3f_cu3mOy05F7sR6Ukt0LCVy_rQinuMfW47e_m&indpubnum=8836246992678581&atk=1bavv9pn3185b6ub
1,Seattle,LaunchCode,US,"Fri, 10 Mar 2017 04:09:35 GMT",False,"Seattle, WA","Seattle, WA",1 day ago,False,80e50f3efd384c6e,Entry Level Software Engineer,"indeed_clk(this,'2562');","Familiarity with an at least one imperative (<b>Java</b>, JavaScript, PHP, C#, Objective-C, C/C++, <b>Python</b>, Ruby, etc.). Don’t have a CS degree?...",LaunchCode,False,WA,,http://www.indeed.com/viewjob?jk=80e50f3efd384c6e&qd=kzI5tJZPkWJqoVrEwKNhYpIFnsRgledjPocYT4JdGR8ZLu9kPmp6_s1DELwBDGVOuRJIGPm8XICDSN9P7pG7oP5ppg3f_cu3mOy05F7sR6Ukt0LCVy_rQinuMfW47e_m&indpubnum=8836246992678581&atk=1bavv9pn3185b6ub
2,Seattle,TekArch,US,"Sun, 26 Feb 2017 18:15:11 GMT",False,"Seattle, WA","Seattle, WA",13 days ago,True,a30387266751f796,Big Data DevOps Developer(H),"indeed_clk(this,'2562');",Mandatory: H1 candidates need not to apply. We’re looking for an experienced Big Data DevOps Developer to continue to evolve and mature our enterprise data,Indeed,False,WA,,http://www.indeed.com/viewjob?jk=a30387266751f796&qd=kzI5tJZPkWJqoVrEwKNhYpIFnsRgledjPocYT4JdGR8ZLu9kPmp6_s1DELwBDGVOuRJIGPm8XICDSN9P7pG7oP5ppg3f_cu3mOy05F7sR6Ukt0LCVy_rQinuMfW47e_m&indpubnum=8836246992678581&atk=1bavv9pn3185b6ub
3,Seattle,Sur La Table,US,"Fri, 20 Jan 2017 23:57:55 GMT",False,"Seattle, WA","Seattle, WA",30+ days ago,False,33e456314190352c,Java Developer,"indeed_clk(this,'2562');","Familiarity with <b>Python</b> would be great. Experience with JSON and XML related <b>Java</b> technologies (e.g. The <b>Java</b> Developer reports to the Director, Development...",Sur La Table,False,WA,,http://www.indeed.com/viewjob?jk=33e456314190352c&qd=kzI5tJZPkWJqoVrEwKNhYpIFnsRgledjPocYT4JdGR8ZLu9kPmp6_s1DELwBDGVOuRJIGPm8XICDSN9P7pG7oP5ppg3f_cu3mOy05F7sR6Ukt0LCVy_rQinuMfW47e_m&indpubnum=8836246992678581&atk=1bavv9pn3185b6ub
4,Seattle,"Amazon Web Services, Inc.",US,"Sun, 12 Feb 2017 11:16:33 GMT",False,"Seattle, WA","Seattle, WA",27 days ago,False,54c92c97eb6a50a7,"Java Software Developer - Amazon Web Services - Seattle, WA","indeed_clk(this,'2562');","Proficiency in a modern programming language such as C, C++, C#, <b>Java</b>, or <b>Python</b>. Amazon, Amazon, C++, C++, object oriented, <b>Java</b>, <b>Java</b>, <b>Java</b>, Linux, Linux,...",Amazon.com,False,WA,,http://www.indeed.com/viewjob?jk=54c92c97eb6a50a7&qd=kzI5tJZPkWJqoVrEwKNhYpIFnsRgledjPocYT4JdGR8ZLu9kPmp6_s1DELwBDGVOuRJIGPm8XICDSN9P7pG7oP5ppg3f_cu3mOy05F7sR6Ukt0LCVy_rQinuMfW47e_m&indpubnum=8836246992678581&atk=1bavv9pn3185b6ub
5,Seattle,Tyemill,US,"Thu, 23 Feb 2017 19:16:19 GMT",False,"Seattle, WA","Seattle, WA 98104",16 days ago,True,bf2eade574c23623,Software Developer / Application Developer,"indeed_clk(this,'2562');","1+ years production experience with object oriented, and/or imperative languages e.g. Ruby, <b>Python</b>, <b>Java</b>, C/C++, C#....",Indeed,False,WA,,http://www.indeed.com/viewjob?jk=bf2eade574c23623&qd=kzI5tJZPkWJqoVrEwKNhYpIFnsRgledjPocYT4JdGR8ZLu9kPmp6_s1DELwBDGVOuRJIGPm8XICDSN9P7pG7oP5ppg3f_cu3mOy05F7sR6Ukt0LCVy_rQinuMfW47e_m&indpubnum=8836246992678581&atk=1bavv9pn3185b6ub
6,Seattle,Third Eye Data Analytics,US,"Fri, 06 Jan 2017 07:03:13 GMT",False,"Seattle, WA","Seattle, WA",30+ days ago,True,e1b93c7b553951c8,Sr. Big Data Developer,"indeed_clk(this,'2562');","Expertise in <b>Java</b>, Scala, <b>Python</b>, or similar. CANDIDATE MUST BE LOCAL (Washington)....",Indeed,False,WA,,http://www.indeed.com/viewjob?jk=e1b93c7b553951c8&qd=kzI5tJZPkWJqoVrEwKNhYpIFnsRgledjPocYT4JdGR8ZLu9kPmp6_s1DELwBDGVOuRJIGPm8XICDSN9P7pG7oP5ppg3f_cu3mOy05F7sR6Ukt0LCVy_rQinuMfW47e_m&indpubnum=8836246992678581&atk=1bavv9pn3185b6ub
7,Seattle,Expeditors,US,"Wed, 11 Jan 2017 04:07:17 GMT",False,"Seattle, WA","Seattle, WA",30+ days ago,False,210fbd6323f61ccb,Developer in Test,"indeed_clk(this,'2562');","Logistics, Global Supply Chain, <b>Python</b>, <b>Java</b>, C#, Ruby, JavaScript, Data Analytics,Test Automation, SDE, SDET, Software Developer in Test....",Expeditors,False,WA,,http://www.indeed.com/viewjob?jk=210fbd6323f61ccb&qd=kzI5tJZPkWJqoVrEwKNhYpIFnsRgledjPocYT4JdGR8ZLu9kPmp6_s1DELwBDGVOuRJIGPm8XICDSN9P7pG7oP5ppg3f_cu3mOy05F7sR6Ukt0LCVy_rQinuMfW47e_m&indpubnum=8836246992678581&atk=1bavv9pn3185b6ub
8,Seattle,Nutanix,US,"Sat, 11 Mar 2017 01:32:36 GMT",False,"Seattle, WA","Seattle, WA",23 hours ago,False,87a7f341c7cd58dd,Cloud Security Developer,"indeed_clk(this,'2562');","Experience designing and developing enterprise products in C++, <b>Java</b>, C# and/or <b>python</b>. Cloud Security Developer....",Nutanix,False,WA,,http://www.indeed.com/viewjob?jk=87a7f341c7cd58dd&qd=kzI5tJZPkWJqoVrEwKNhYpIFnsRgledjPocYT4JdGR8ZLu9kPmp6_s1DELwBDGVOuRJIGPm8XICDSN9P7pG7oP5ppg3f_cu3mOy05F7sR6Ukt0LCVy_rQinuMfW47e_m&indpubnum=8836246992678581&atk=1bavv9pn3185b6ub
9,Seattle,"Amazon Payments, Inc.",US,"Thu, 09 Mar 2017 06:41:28 GMT",False,"Seattle, WA","Seattle, WA",2 days ago,False,256d5fbf9f4993c7,Developer Support Engineer,"indeed_clk(this,'2562');","<b>Java</b>, Perl, Ruby, <b>Python</b>, C#, and/or PHP. Are you passionate about driving customer success?...",Amazon.com,False,WA,,http://www.indeed.com/viewjob?jk=256d5fbf9f4993c7&qd=kzI5tJZPkWJqoVrEwKNhYpIFnsRgledjPocYT4JdGR8ZLu9kPmp6_s1DELwBDGVOuRJIGPm8XICDSN9P7pG7oP5ppg3f_cu3mOy05F7sR6Ukt0LCVy_rQinuMfW47e_m&indpubnum=8836246992678581&atk=1bavv9pn3185b6ub
10,Bellevue,Visa,US,"Tue, 07 Mar 2017 04:09:33 GMT",False,"Bellevue, WA","Bellevue, WA",4 days ago,False,7ff4c8c1b9179848,Lead Software Engineer,"indeed_clk(this,'2562');","<b>Java</b>, Spring, Angular, REST, SQL, <b>Python</b>, Groovy expertise. Mastery of the <b>Java</b> programming language. Extensive <b>Java</b> and web service development experience and...",Visa,False,WA,,http://www.indeed.com/viewjob?jk=7ff4c8c1b9179848&qd=kzI5tJZPkWJqoVrEwKNhYpIFnsRgledjPocYT4JdGR8ZLu9kPmp6_s1DELwBDGVOuRJIGPm8XICDSN9P7pG7oP5ppg3f_cu3mOy05F7sR6Ukt0LCVy_rQinuMfW47e_m&indpubnum=8836246992678581&atk=1bavv9pn3185b6ub
11,Seattle,Disney Parks & Resorts,US,"Thu, 02 Mar 2017 14:14:09 GMT",False,"Seattle, WA","Seattle, WA",9 days ago,False,aa38311a72be57eb,Senior Java Developer,"indeed_clk(this,'2562');","Ruby, <b>Python</b>, PHP, JSP, ASP or other scripting languages. Owns the design and development of software fixes, enhancements, components, and/or new software...",Disney,False,WA,,http://www.indeed.com/viewjob?jk=aa38311a72be57eb&qd=kzI5tJZPkWJqoVrEwKNhYpIFnsRgledjPocYT4JdGR8ZLu9kPmp6_s1DELwBDGVOuRJIGPm8XICDSN9P7pG7oP5ppg3f_cu3mOy05F7sR6Ukt0LCVy_rQinuMfW47e_m&indpubnum=8836246992678581&atk=1bavv9pn3185b6ub
12,Seattle,Amazon Corporate LLC,US,"Fri, 03 Mar 2017 00:20:18 GMT",False,"Seattle, WA","Seattle, WA",9 days ago,False,b356b459a6015aad,"Full Stack Developer, AWS Management Console","indeed_clk(this,'2562');","Proficiency in multiple modern programming languages such as <b>Java</b>, JavaScript, C++, or Objective-C. If you are interested but have experience with other modern...",Amazon.com,False,WA,,http://www.indeed.com/viewjob?jk=b356b459a6015aad&qd=kzI5tJZPkWJqoVrEwKNhYpIFnsRgledjPocYT4JdGR8ZLu9kPmp6_s1DELwBDGVOuRJIGPm8XICDSN9P7pG7oP5ppg3f_cu3mOy05F7sR6Ukt0LCVy_rQinuMfW47e_m&indpubnum=8836246992678581&atk=1bavv9pn3185b6ub
13,Seattle,QuintilesIMS,US,"Sun, 05 Mar 2017 12:40:44 GMT",False,"Seattle, WA","Seattle, WA",6 days ago,False,a9d20029e3b07a09,Software Engineer,"indeed_clk(this,'2562');","Linq, Rx, lambdas, immutability) and Python; Full-stack experience building web applications that run at scale supporting a large user-base and gigabyte-scale...",QuintilesIMS,False,WA,,http://www.indeed.com/viewjob?jk=a9d20029e3b07a09&qd=kzI5tJZPkWJqoVrEwKNhYpIFnsRgledjPocYT4JdGR8ZLu9kPmp6_s1DELwBDGVOuRJIGPm8XICDSN9P7pG7oP5ppg3f_cu3mOy05F7sR6Ukt0LCVy_rQinuMfW47e_m&indpubnum=8836246992678581&atk=1bavv9pn3185b6ub
14,Seattle,Liberty Personnel Services,US,"Sat, 25 Feb 2017 00:45:50 GMT",False,"Seattle, WA","Seattle, WA",14 days ago,False,70de873d3c33e3b6,JAVA DEVELOPER,"indeed_clk(this,'2562');","<b>JAVA</b> DEVELOPER (Senior or Lead) Spring, JBOSS, J2EE, SQL, LINUX. J2ee perl sql linux redhat <b>python</b> weblogic, jboss, spring hibernate, high charts....",Liberty Personnel Services,False,WA,,http://www.indeed.com/viewjob?jk=70de873d3c33e3b6&qd=kzI5tJZPkWJqoVrEwKNhYpIFnsRgledjPocYT4JdGR8ZLu9kPmp6_s1DELwBDGVOuRJIGPm8XICDSN9P7pG7oP5ppg3f_cu3mOy05F7sR6Ukt0LCVy_rQinuMfW47e_m&indpubnum=8836246992678581&atk=1bavv9pn3185b6ub
15,Seattle,Amazon Corporate LLC,US,"Sat, 04 Mar 2017 00:23:06 GMT",False,"Seattle, WA","Seattle, WA",8 days ago,False,0a79bbda28da61a4,QA Engineer,"indeed_clk(this,'2562');","Ability to write code/scripting in languages like <b>Java</b>, C, C#, <b>python</b> etc. Do you thrive on solving complex problems?...",Amazon.com,False,WA,,http://www.indeed.com/viewjob?jk=0a79bbda28da61a4&qd=kzI5tJZPkWJqoVrEwKNhYpIFnsRgledjPocYT4JdGR8ZLu9kPmp6_s1DELwBDGVOuRJIGPm8XICDSN9P7pG7oP5ppg3f_cu3mOy05F7sR6Ukt0LCVy_rQinuMfW47e_m&indpubnum=8836246992678581&atk=1bavv9pn3185b6ub
16,Seattle,Google,US,"Wed, 18 Jan 2017 16:34:20 GMT",False,"Seattle, WA","Seattle, WA",30+ days ago,False,d8531bcf421ec1c4,Software Engineer,"indeed_clk(this,'2562');","<b>Java</b>, C/C++, C#, Objective C, <b>Python</b>, JavaScript, or Go. Google aspires to be an organization that reflects the globally diverse audience that our products and...",Google,False,WA,,http://www.indeed.com/viewjob?jk=d8531bcf421ec1c4&qd=kzI5tJZPkWJqoVrEwKNhYpIFnsRgledjPocYT4JdGR8ZLu9kPmp6_s1DELwBDGVOuRJIGPm8XICDSN9P7pG7oP5ppg3f_cu3mOy05F7sR6Ukt0LCVy_rQinuMfW47e_m&indpubnum=8836246992678581&atk=1bavv9pn3185b6ub
17,Seattle,Amazon Corporate LLC,US,"Fri, 10 Mar 2017 18:47:23 GMT",False,"Seattle, WA","Seattle, WA",1 day ago,False,138219907068fb44,Software Engineer – New Machine Learning Initiative,"indeed_clk(this,'2562');","Proficiency in at least one modern programming language such as Scala, <b>Java</b>, C#, C++, C, Ruby, JS, or <b>Python</b>....",Amazon.com,False,WA,,http://www.indeed.com/viewjob?jk=138219907068fb44&qd=kzI5tJZPkWJqoVrEwKNhYpIFnsRgledjPocYT4JdGR8ZLu9kPmp6_s1DELwBDGVOuRJIGPm8XICDSN9P7pG7oP5ppg3f_cu3mOy05F7sR6Ukt0LCVy_rQinuMfW47e_m&indpubnum=8836246992678581&atk=1bavv9pn3185b6ub
18,Seattle,Facebook,US,"Fri, 10 Mar 2017 11:54:28 GMT",False,"Seattle, WA","Seattle, WA",1 day ago,False,fa7de8eb762d659b,"Software Engineer, Machine Learning","indeed_clk(this,'2562');","Expert knowledge developing and debugging in C/C++ and <b>Java</b>. Experience with scripting languages such as Perl, <b>Python</b>, PHP, and shell scripts....",Facebook,False,WA,,http://www.indeed.com/viewjob?jk=fa7de8eb762d659b&qd=kzI5tJZPkWJqoVrEwKNhYpIFnsRgledjPocYT4JdGR8ZLu9kPmp6_s1DELwBDGVOuRJIGPm8XICDSN9P7pG7oP5ppg3f_cu3mOy05F7sR6Ukt0LCVy_rQinuMfW47e_m&indpubnum=8836246992678581&atk=1bavv9pn3185b6ub
19,Seattle,Amazon Corporate LLC,US,"Fri, 10 Mar 2017 08:38:32 GMT",False,"Seattle, WA","Seattle, WA",1 day ago,False,96ed3acfad036456,Software Development Engineer – Emerging AWS Machine Learning,"indeed_clk(this,'2562');","Proficiency in, at least, one modern programming language such as <b>Java</b>, <b>Python</b>, C/C++, C#, Perl. As a Software Development Engineer, you will design, implement,...",Lab126,False,WA,,http://www.indeed.com/viewjob?jk=96ed3acfad036456&qd=kzI5tJZPkWJqoVrEwKNhYpIFnsRgledjPocYT4JdGR8ZLu9kPmp6_s1DELwBDGVOuRJIGPm8XICDSN9P7pG7oP5ppg3f_cu3mOy05F7sR6Ukt0LCVy_rQinuMfW47e_m&indpubnum=8836246992678581&atk=1bavv9pn3185b6ub
20,Seattle,Amazon Corporate LLC,US,"Fri, 24 Feb 2017 17:57:37 GMT",False,"Seattle, WA","Seattle, WA",15 days ago,False,f9d7d1a3812558aa,Workday Developer,"indeed_clk(this,'2562');","2+ years professional experience developing with OOP languages such as <b>Java</b>, <b>Python</b>, .NET, and Ruby. A successful candidate possesses deep knowledge of and...",Amazon.com,False,WA,,http://www.indeed.com/viewjob?jk=f9d7d1a3812558aa&qd=kzI5tJZPkWJqoVrEwKNhYpIFnsRgledjPocYT4JdGR8ZLu9kPmp6_s1DELwBDGVOuRJIGPm8XICDSN9P7pG7oP5ppg3f_cu3mOy05F7sR6Ukt0LCVy_rQinuMfW47e_m&indpubnum=8836246992678581&atk=1bavv9pn3185b6ub
21,Seattle,Tableau,US,"Thu, 02 Mar 2017 06:47:33 GMT",False,"Seattle, WA","Seattle, WA",9 days ago,False,c8d2adf83607fe1f,Software Engineer,"indeed_clk(this,'2562');","Excellent understanding of Object Oriented languages such as C++, <b>Java</b>, or <b>Python</b>. 3+ years' experience working with <b>python</b> tools, scripts, &amp; frameworks....",Tableau,False,WA,,http://www.indeed.com/viewjob?jk=c8d2adf83607fe1f&qd=kzI5tJZPkWJqoVrEwKNhYpIFnsRgledjPocYT4JdGR8ZLu9kPmp6_s1DELwBDGVOuRJIGPm8XICDSN9P7pG7oP5ppg3f_cu3mOy05F7sR6Ukt0LCVy_rQinuMfW47e_m&indpubnum=8836246992678581&atk=1bavv9pn3185b6ub
22,Seattle,Amazon Corporate LLC,US,"Thu, 09 Mar 2017 12:42:34 GMT",False,"Seattle, WA","Seattle, WA",2 days ago,False,7c8c8339913e1f84,"Software Development Engineer, Alexa Machine Learning","indeed_clk(this,'2562');","Familiar with programming languages such as C/C++, <b>Java</b>, Perl or <b>Python</b> and open-source technologies (Apache, Hadoop)....",Amazon.com,False,WA,,http://www.indeed.com/viewjob?jk=7c8c8339913e1f84&qd=kzI5tJZPkWJqoVrEwKNhYpIFnsRgledjPocYT4JdGR8ZLu9kPmp6_s1DELwBDGVOuRJIGPm8XICDSN9P7pG7oP5ppg3f_cu3mOy05F7sR6Ukt0LCVy_rQinuMfW47e_m&indpubnum=8836246992678581&atk=1bavv9pn3185b6ub
23,Seattle,Nordstrom,US,"Thu, 09 Mar 2017 07:04:33 GMT",False,"Seattle, WA","Seattle, WA",2 days ago,False,aa0eb5a4bfedbe70,Software Engineer,"indeed_clk(this,'2562');","Proficiency in at least one programming language (Nodejs, GoLang, <b>Java</b>, C/C++, <b>Python</b>, etc.). We are hiring Software Engineer for our Omni Channel initiatives ...",Nordstrom,False,WA,,http://www.indeed.com/viewjob?jk=aa0eb5a4bfedbe70&qd=kzI5tJZPkWJqoVrEwKNhYpIFnsRgledjPocYT4JdGR8ZLu9kPmp6_s1DELwBDGVOuRJIGPm8XICDSN9P7pG7oP5ppg3f_cu3mOy05F7sR6Ukt0LCVy_rQinuMfW47e_m&indpubnum=8836246992678581&atk=1bavv9pn3185b6ub
24,Seattle,Amazon Corporate LLC,US,"Thu, 23 Feb 2017 17:54:16 GMT",False,"Seattle, WA","Seattle, WA",16 days ago,False,8e1a9c0bc22f87e4,System Developer Engineer II,"indeed_clk(this,'2562');",".Net (C#), PowerShell, Perl, <b>Python</b>, JavaScript, and/or <b>Java</b>. Strong ability authoring new code to solve problems and automate repetitive tasks in a common...",Amazon.com,False,WA,,http://www.indeed.com/viewjob?jk=8e1a9c0bc22f87e4&qd=kzI5tJZPkWJqoVrEwKNhYpIFnsRgledjPocYT4JdGR8ZLu9kPmp6_s1DELwBDGVOuRJIGPm8XICDSN9P7pG7oP5ppg3f_cu3mOy05F7sR6Ukt0LCVy_rQinuMfW47e_m&indpubnum=8836246992678581&atk=1bavv9pn3185b6ub
25,Seattle,Amazon Corporate LLC,US,"Fri, 10 Mar 2017 18:46:14 GMT",False,"Seattle, WA","Seattle, WA",1 day ago,False,9715f20f60d96cf6,Software Development Engineer - Machine Learning,"indeed_clk(this,'2871');","Strong proficiency <b>Java</b> and/or C++, <b>Python</b>. Do you want to apply machine learning to a completely new field for Amazon?...",Amazon.com,False,WA,,http://www.indeed.com/viewjob?jk=9715f20f60d96cf6&qd=kzI5tJZPkWJqoVrEwKNhYpIFnsRgledjPocYT4JdGR8ZLu9kPmp6_s1DELwBDGVOuRJIGPm8XICDSN9P7pG7oP5ppg3f_cu3mOy05F7sR6Ukt0LCVy_rQinuMfW47e_m&indpubnum=8836246992678581&atk=1bavv9q0oaf0kamr
26,Redmond,Microsoft,US,"Wed, 08 Mar 2017 07:47:23 GMT",False,"Redmond, WA","Redmond, WA 98052",3 days ago,False,4b1bff1b3684ff6e,Software Engineer,"indeed_clk(this,'2871');","Experience with technologies like C#, <b>Java</b>, PowerShell, <b>Python</b>, Git. Are you passionate about working on the next generation of Cloud Management Technologies...",Microsoft,False,WA,,http://www.indeed.com/viewjob?jk=4b1bff1b3684ff6e&qd=kzI5tJZPkWJqoVrEwKNhYpIFnsRgledjPocYT4JdGR8ZLu9kPmp6_s1DELwBDGVOuRJIGPm8XICDSN9P7pG7oP5ppg3f_cu3mOy05F7sR6Ukt0LCVy_rQinuMfW47e_m&indpubnum=8836246992678581&atk=1bavv9q0oaf0kamr
27,Seattle,Amazon Prime Now,US,"Thu, 19 Jan 2017 22:23:43 GMT",False,"Seattle, WA","Seattle, WA",30+ days ago,True,cfa20cedb00777b5,Web Developer,"indeed_clk(this,'2871');","Experience in JavaScript, <b>Java</b>, Perl, <b>Python</b> or Ruby. Prime Now provides Amazon Prime members unparalleled convenience and ease of mind by offering one-hour,...",Indeed,False,WA,,http://www.indeed.com/viewjob?jk=cfa20cedb00777b5&qd=kzI5tJZPkWJqoVrEwKNhYpIFnsRgledjPocYT4JdGR8ZLu9kPmp6_s1DELwBDGVOuRJIGPm8XICDSN9P7pG7oP5ppg3f_cu3mOy05F7sR6Ukt0LCVy_rQinuMfW47e_m&indpubnum=8836246992678581&atk=1bavv9q0oaf0kamr
28,Seattle,Intelius Inc.,US,"Sat, 11 Mar 2017 10:38:23 GMT",False,"Seattle, WA","Seattle, WA",14 hours ago,False,b8783296a8e5827a,"SDET, Data Engineering","indeed_clk(this,'2871');",5+ years of coding experience with <b>Java</b> or <b>Python</b>. Familiarity with <b>Java</b> profilers such as YourKit. Test REST based <b>Java</b> services using automated test harnesses...,Intelius Inc.,False,WA,,http://www.indeed.com/viewjob?jk=b8783296a8e5827a&qd=kzI5tJZPkWJqoVrEwKNhYpIFnsRgledjPocYT4JdGR8ZLu9kPmp6_s1DELwBDGVOuRJIGPm8XICDSN9P7pG7oP5ppg3f_cu3mOy05F7sR6Ukt0LCVy_rQinuMfW47e_m&indpubnum=8836246992678581&atk=1bavv9q0oaf0kamr
29,Seattle,Amazon Corporate LLC,US,"Sat, 28 Jan 2017 00:04:27 GMT",False,"Seattle, WA","Seattle, WA",30+ days ago,False,2a1937b28b377240,Software Engineer,"indeed_clk(this,'2871');","Fluency with <b>Java</b>, <b>Python</b>, C/C++, or C#. An excellent greenfield re-architecture opportunity for a software engineer with a strong large scale design skillset....",Amazon.com,False,WA,,http://www.indeed.com/viewjob?jk=2a1937b28b377240&qd=kzI5tJZPkWJqoVrEwKNhYpIFnsRgledjPocYT4JdGR8ZLu9kPmp6_s1DELwBDGVOuRJIGPm8XICDSN9P7pG7oP5ppg3f_cu3mOy05F7sR6Ukt0LCVy_rQinuMfW47e_m&indpubnum=8836246992678581&atk=1bavv9q0oaf0kamr
30,Seattle,BackOffice Associates,US,"Wed, 01 Mar 2017 03:43:54 GMT",False,"Seattle, WA","Seattle, WA",10 days ago,False,78b6026af60ca340,Software Developer – Remote – US,"indeed_clk(this,'2871');","C#, <b>Java</b>, etc. <b>Python</b> and/or Go, a plus. AWS, Lambda, Dynamo, git, GitHub, Gulp, NodeJS, <b>Python</b>, CloudFormation, ElasticSearch, Linux, Jenkins, AngularJS, CSS...",BackOffice Associates,False,WA,,http://www.indeed.com/viewjob?jk=78b6026af60ca340&qd=kzI5tJZPkWJqoVrEwKNhYpIFnsRgledjPocYT4JdGR8ZLu9kPmp6_s1DELwBDGVOuRJIGPm8XICDSN9P7pG7oP5ppg3f_cu3mOy05F7sR6Ukt0LCVy_rQinuMfW47e_m&indpubnum=8836246992678581&atk=1bavv9q0oaf0kamr
31,Seattle,PayScale,US,"Tue, 28 Feb 2017 04:08:51 GMT",False,"Seattle, WA","Seattle, WA",11 days ago,False,8001fa082ad38145,Data Scientist,"indeed_clk(this,'2871');","<b>Python</b>, C#, <b>Java</b>, Scala). Want to crunch numbers with one of the leading data companies in Seattle?...",PayScale,False,WA,,http://www.indeed.com/viewjob?jk=8001fa082ad38145&qd=kzI5tJZPkWJqoVrEwKNhYpIFnsRgledjPocYT4JdGR8ZLu9kPmp6_s1DELwBDGVOuRJIGPm8XICDSN9P7pG7oP5ppg3f_cu3mOy05F7sR6Ukt0LCVy_rQinuMfW47e_m&indpubnum=8836246992678581&atk=1bavv9q0oaf0kamr
32,Seattle,Google,US,"Fri, 17 Feb 2017 09:47:23 GMT",False,"Seattle, WA","Seattle, WA",22 days ago,False,9e5a69f6d9c60d9a,Developer Advocate (Cloud Platform),"indeed_clk(this,'2871');","<b>Java</b>, JavaScript, C/C++, C#, Objective-C, <b>Python</b>, PHP, Ruby, or Go. The Developer Relations organization helps keep us connected to the communities that love...",Google,False,WA,,http://www.indeed.com/viewjob?jk=9e5a69f6d9c60d9a&qd=kzI5tJZPkWJqoVrEwKNhYpIFnsRgledjPocYT4JdGR8ZLu9kPmp6_s1DELwBDGVOuRJIGPm8XICDSN9P7pG7oP5ppg3f_cu3mOy05F7sR6Ukt0LCVy_rQinuMfW47e_m&indpubnum=8836246992678581&atk=1bavv9q0oaf0kamr
33,Seattle,Amazon Corporate LLC,US,"Fri, 10 Mar 2017 18:48:16 GMT",False,"Seattle, WA","Seattle, WA",1 day ago,False,0d4383dfe1c73da3,Software Development Engineer – Alexa Machine Learning Platform,"indeed_clk(this,'2871');","Mastery of a variety of modern programming languages (<b>Java</b>, JavaScript, C/C++, Objective C, <b>Python</b>, Ruby) and open-source technologies (Linux, SQLite, OpenGL,...",Amazon.com,False,WA,,http://www.indeed.com/viewjob?jk=0d4383dfe1c73da3&qd=kzI5tJZPkWJqoVrEwKNhYpIFnsRgledjPocYT4JdGR8ZLu9kPmp6_s1DELwBDGVOuRJIGPm8XICDSN9P7pG7oP5ppg3f_cu3mOy05F7sR6Ukt0LCVy_rQinuMfW47e_m&indpubnum=8836246992678581&atk=1bavv9q0oaf0kamr
34,Seattle,Amazon Corporate LLC,US,"Wed, 01 Mar 2017 18:15:35 GMT",False,"Seattle, WA","Seattle, WA",10 days ago,False,ad44b6adf92a2478,Software Development Engineer in Test - Alexa Machine Learning,"indeed_clk(this,'2871');","Experience in <b>Java</b> (or C# or C++) and knowledge of scripting languages like PERL, JavaScript or <b>Python</b>. Interested in Machine Learning?...",Amazon.com,False,WA,,http://www.indeed.com/viewjob?jk=ad44b6adf92a2478&qd=kzI5tJZPkWJqoVrEwKNhYpIFnsRgledjPocYT4JdGR8ZLu9kPmp6_s1DELwBDGVOuRJIGPm8XICDSN9P7pG7oP5ppg3f_cu3mOy05F7sR6Ukt0LCVy_rQinuMfW47e_m&indpubnum=8836246992678581&atk=1bavv9q0oaf0kamr
35,Seattle,eXcell,US,"Wed, 30 Nov 2016 19:18:53 GMT",False,"Seattle, WA","Seattle, WA 98101",30+ days ago,False,50f613aaef94a827,"Web Developer C++, Java","indeed_clk(this,'2871');","Strong experience with at least one of C/C++ / C# / <b>Java</b> / PHP / <b>Python</b>, preferably including experience with multiple compilers and operating systems (Windows...",Excell,False,WA,,http://www.indeed.com/viewjob?jk=50f613aaef94a827&qd=kzI5tJZPkWJqoVrEwKNhYpIFnsRgledjPocYT4JdGR8ZLu9kPmp6_s1DELwBDGVOuRJIGPm8XICDSN9P7pG7oP5ppg3f_cu3mOy05F7sR6Ukt0LCVy_rQinuMfW47e_m&indpubnum=8836246992678581&atk=1bavv9q0oaf0kamr
36,Seattle,"Webtellect, LLC",US,"Tue, 14 Feb 2017 04:09:19 GMT",False,"Seattle, WA","Seattle, WA",25 days ago,False,184ba6c62d84d908,Node.js API Developer,"indeed_clk(this,'2871');",Extensive experience developing in <b>Java</b> with Spring utilizing Aspect-Oriented Programming paradigms. Demonstrate strong familiarity with interpreted languages...,"Webtellect, LLC",False,WA,,http://www.indeed.com/viewjob?jk=184ba6c62d84d908&qd=kzI5tJZPkWJqoVrEwKNhYpIFnsRgledjPocYT4JdGR8ZLu9kPmp6_s1DELwBDGVOuRJIGPm8XICDSN9P7pG7oP5ppg3f_cu3mOy05F7sR6Ukt0LCVy_rQinuMfW47e_m&indpubnum=8836246992678581&atk=1bavv9q0oaf0kamr
37,Seattle,BlackRock,US,"Wed, 15 Feb 2017 18:46:39 GMT",False,"Seattle, WA","Seattle, WA 98101",24 days ago,False,99b43c8cdb8958e4,QA Engineer,"indeed_clk(this,'2871');","Programming experience in <b>JAVA</b>. Exposure to scripting languages like JavaScript, VB Script, Gherkin, <b>Python</b>....",BlackRock,False,WA,,http://www.indeed.com/viewjob?jk=99b43c8cdb8958e4&qd=kzI5tJZPkWJqoVrEwKNhYpIFnsRgledjPocYT4JdGR8ZLu9kPmp6_s1DELwBDGVOuRJIGPm8XICDSN9P7pG7oP5ppg3f_cu3mOy05F7sR6Ukt0LCVy_rQinuMfW47e_m&indpubnum=8836246992678581&atk=1bavv9q0oaf0kamr
38,Seattle,Triad Group,US,"Thu, 02 Mar 2017 02:10:37 GMT",False,"Seattle, WA","Seattle, WA",9 days ago,True,4ee29226c962d60e,UI/UX Developer,"indeed_clk(this,'2871');","Senior Software Engineer (UI/UX, JavaScript, Angular, Node) Location: Seattle, WA Compensation: ~ $75.00/hr (W2 only). Paid Time off, 401k, Optional health",Triad Group,False,WA,,http://www.indeed.com/viewjob?jk=4ee29226c962d60e&qd=kzI5tJZPkWJqoVrEwKNhYpIFnsRgledjPocYT4JdGR8ZLu9kPmp6_s1DELwBDGVOuRJIGPm8XICDSN9P7pG7oP5ppg3f_cu3mOy05F7sR6Ukt0LCVy_rQinuMfW47e_m&indpubnum=8836246992678581&atk=1bavv9q0oaf0kamr
39,Seattle,Coupang,US,"Tue, 03 Jan 2017 06:51:10 GMT",False,"Seattle, WA","Seattle, WA",30+ days ago,True,92c093ced6bbad27,Sr. Software Engineer,"indeed_clk(this,'2871');","3+ years of experience with <b>Java</b>, SQL, Javascript, and ideally some <b>Python</b>. Experience with handling large data volumes in a <b>Java</b> server environment – ideally...",Coupang,False,WA,,http://www.indeed.com/viewjob?jk=92c093ced6bbad27&qd=kzI5tJZPkWJqoVrEwKNhYpIFnsRgledjPocYT4JdGR8ZLu9kPmp6_s1DELwBDGVOuRJIGPm8XICDSN9P7pG7oP5ppg3f_cu3mOy05F7sR6Ukt0LCVy_rQinuMfW47e_m&indpubnum=8836246992678581&atk=1bavv9q0oaf0kamr
40,Seattle,Amazon Corporate LLC,US,"Thu, 23 Feb 2017 11:57:18 GMT",False,"Seattle, WA","Seattle, WA",16 days ago,False,b426722d0d53561e,"Frontend Engineer, AWS Machine Learning Platform","indeed_clk(this,'2871');","Proficiency in, at least, one modern programming language such as <b>Java</b>, <b>Python</b>, C++, C#, Perl. In this role you will design, implement, test, document, and...",Amazon.com,False,WA,,http://www.indeed.com/viewjob?jk=b426722d0d53561e&qd=kzI5tJZPkWJqoVrEwKNhYpIFnsRgledjPocYT4JdGR8ZLu9kPmp6_s1DELwBDGVOuRJIGPm8XICDSN9P7pG7oP5ppg3f_cu3mOy05F7sR6Ukt0LCVy_rQinuMfW47e_m&indpubnum=8836246992678581&atk=1bavv9q0oaf0kamr
41,Seattle,University of Washington,US,"Fri, 10 Mar 2017 00:27:26 GMT",False,"Seattle, WA","Seattle, WA",2 days ago,False,c6908df9ad30b4d8,ENVIRONMENTAL DATA SPECIALIST,"indeed_clk(this,'2871');","<b>Python</b> programming, including the Django framework. Management of <b>Java</b> Tomcat web apps including GeoServer. The University of Washington (UW) is proud to be one...",University of Washington,False,WA,,http://www.indeed.com/viewjob?jk=c6908df9ad30b4d8&qd=kzI5tJZPkWJqoVrEwKNhYpIFnsRgledjPocYT4JdGR8ZLu9kPmp6_s1DELwBDGVOuRJIGPm8XICDSN9P7pG7oP5ppg3f_cu3mOy05F7sR6Ukt0LCVy_rQinuMfW47e_m&indpubnum=8836246992678581&atk=1bavv9q0oaf0kamr
42,Seattle,University of Washington Medical Center,US,"Thu, 09 Mar 2017 22:38:23 GMT",False,"Seattle, WA","Seattle, WA",2 days ago,False,763347d346ee5db9,ENVIRONMENTAL DATA SPECIALIST,"indeed_clk(this,'2871');","<b>Python</b> programming, including the Django framework. Management of <b>Java</b> Tomcat web apps including GeoServer. The University of Washington (UW) is proud to be one...",University of Washington Medical Center,False,WA,,http://www.indeed.com/viewjob?jk=763347d346ee5db9&qd=kzI5tJZPkWJqoVrEwKNhYpIFnsRgledjPocYT4JdGR8ZLu9kPmp6_s1DELwBDGVOuRJIGPm8XICDSN9P7pG7oP5ppg3f_cu3mOy05F7sR6Ukt0LCVy_rQinuMfW47e_m&indpubnum=8836246992678581&atk=1bavv9q0oaf0kamr
43,Seattle,Splunk,US,"Fri, 10 Mar 2017 01:32:20 GMT",False,"Seattle, WA","Seattle, WA 98121",1 day ago,False,c1a68250c65319b3,Principal Software Engineer - Backend C++,"indeed_clk(this,'2871');","But we have several projects in other languages, including GoLang and <b>Java</b>. Our backend is exclusively in C and C++, with some <b>Python</b> extensibility endpoints....",Splunk,False,WA,,http://www.indeed.com/viewjob?jk=c1a68250c65319b3&qd=kzI5tJZPkWJqoVrEwKNhYpIFnsRgledjPocYT4JdGR8ZLu9kPmp6_s1DELwBDGVOuRJIGPm8XICDSN9P7pG7oP5ppg3f_cu3mOy05F7sR6Ukt0LCVy_rQinuMfW47e_m&indpubnum=8836246992678581&atk=1bavv9q0oaf0kamr
44,Seattle,"Amazon Web Services, Inc.",US,"Tue, 07 Feb 2017 23:01:02 GMT",False,"Seattle, WA","Seattle, WA",30+ days ago,False,cbeeafb9fe1f01fc,Sr Full-Stack Developer,"indeed_clk(this,'2871');",Build on AWS for AWS! We are a development team based in Seattle tasked with creating a new set of services and applications to scale up AWS solution...,Amazon.com,False,WA,,http://www.indeed.com/viewjob?jk=cbeeafb9fe1f01fc&qd=kzI5tJZPkWJqoVrEwKNhYpIFnsRgledjPocYT4JdGR8ZLu9kPmp6_s1DELwBDGVOuRJIGPm8XICDSN9P7pG7oP5ppg3f_cu3mOy05F7sR6Ukt0LCVy_rQinuMfW47e_m&indpubnum=8836246992678581&atk=1bavv9q0oaf0kamr
45,Seattle,PayScale,US,"Thu, 09 Feb 2017 04:07:41 GMT",False,"Seattle, WA","Seattle, WA",30 days ago,False,a35449110e127257,Data Engineer,"indeed_clk(this,'2871');","<b>Python</b>, C#, <b>Java</b>, Scala). Working knowledge of popular <b>Python</b> data mining and text mining toolkits, frameworks, and APIs (e.g., Luigi, Pandas, Scikit-learn,...",PayScale,False,WA,,http://www.indeed.com/viewjob?jk=a35449110e127257&qd=kzI5tJZPkWJqoVrEwKNhYpIFnsRgledjPocYT4JdGR8ZLu9kPmp6_s1DELwBDGVOuRJIGPm8XICDSN9P7pG7oP5ppg3f_cu3mOy05F7sR6Ukt0LCVy_rQinuMfW47e_m&indpubnum=8836246992678581&atk=1bavv9q0oaf0kamr
46,Seattle,A Place for Mom,US,"Wed, 08 Feb 2017 23:51:55 GMT",False,"Seattle, WA","Seattle, WA",30+ days ago,False,d987f6a98bbcd568,Data Engineer,"indeed_clk(this,'2871');","C, <b>Java</b>, <b>Python</b>, etc). This position reports to our Lead Data Engineer....",A Place for Mom,False,WA,,http://www.indeed.com/viewjob?jk=d987f6a98bbcd568&qd=kzI5tJZPkWJqoVrEwKNhYpIFnsRgledjPocYT4JdGR8ZLu9kPmp6_s1DELwBDGVOuRJIGPm8XICDSN9P7pG7oP5ppg3f_cu3mOy05F7sR6Ukt0LCVy_rQinuMfW47e_m&indpubnum=8836246992678581&atk=1bavv9q0oaf0kamr
47,Bellevue,Microsoft,US,"Wed, 08 Mar 2017 07:47:29 GMT",False,"Bellevue, WA","Bellevue, WA",3 days ago,False,82fc82867d0fa258,Software Engineer,"indeed_clk(this,'2871');","As there are many forms of coding in practical use today, having past experience in languages and frameworks such as Ruby, node.js, <b>Python</b>, C#, <b>Java</b>, and...",Microsoft,False,WA,,http://www.indeed.com/viewjob?jk=82fc82867d0fa258&qd=kzI5tJZPkWJqoVrEwKNhYpIFnsRgledjPocYT4JdGR8ZLu9kPmp6_s1DELwBDGVOuRJIGPm8XICDSN9P7pG7oP5ppg3f_cu3mOy05F7sR6Ukt0LCVy_rQinuMfW47e_m&indpubnum=8836246992678581&atk=1bavv9q0oaf0kamr
48,Redmond,Universal Avionics Systems Corporation,US,"Tue, 28 Feb 2017 06:53:42 GMT",False,"Redmond, WA","Redmond, WA",11 days ago,False,b439a249abbc193a,Software Engineer,"indeed_clk(this,'2871');","Skills in assembly language, C#, <b>Java</b>, Perl and/or <b>Python</b>. Universal Avionics Systems Corporation, an industry leader in avionics systems technology, is looking...",Universal Avionics Systems Corporation,False,WA,,http://www.indeed.com/viewjob?jk=b439a249abbc193a&qd=kzI5tJZPkWJqoVrEwKNhYpIFnsRgledjPocYT4JdGR8ZLu9kPmp6_s1DELwBDGVOuRJIGPm8XICDSN9P7pG7oP5ppg3f_cu3mOy05F7sR6Ukt0LCVy_rQinuMfW47e_m&indpubnum=8836246992678581&atk=1bavv9q0oaf0kamr
49,Seattle,eXcell,US,"Thu, 09 Feb 2017 04:15:59 GMT",False,"Seattle, WA","Seattle, WA 98134",30 days ago,False,ed879e91eb70fb60,Big Data Developer,"indeed_clk(this,'2871');","Solid foundation in <b>Java</b> and <b>Python</b>. As part of a leading IT managed services specialist with more than 12,000 associates worldwide, we rely on the personal...",Excell,False,WA,,http://www.indeed.com/viewjob?jk=ed879e91eb70fb60&qd=kzI5tJZPkWJqoVrEwKNhYpIFnsRgledjPocYT4JdGR8ZLu9kPmp6_s1DELwBDGVOuRJIGPm8XICDSN9P7pG7oP5ppg3f_cu3mOy05F7sR6Ukt0LCVy_rQinuMfW47e_m&indpubnum=8836246992678581&atk=1bavv9q0oaf0kamr
75,Redmond,Microsoft,US,"Mon, 20 Feb 2017 06:53:12 GMT",False,"Redmond, WA","Redmond, WA 98052",19 days ago,False,7c01844834029a57,Data Scientist II,"indeed_clk(this,'3191');",A technical role for self-motivated engineers and scientists in Machine learning at scale. Great opportunity for someone with deep expertise and interest in,Microsoft,False,WA,,http://www.indeed.com/viewjob?jk=7c01844834029a57&qd=kzI5tJZPkWJqoVrEwKNhYpIFnsRgledjPocYT4JdGR8ZLu9kPmp6_s1DELwBDGVOuRJIGPm8XICDSN9P7pG7oN0cen5uxlFTh8KvhqkalJgkt0LCVy_rQinuMfW47e_m&indpubnum=8836246992678581&atk=1bavv9qapa3gjcba
76,Seattle,WSP | Parsons Brinckerhoff,US,"Fri, 10 Mar 2017 23:22:20 GMT",False,"Seattle, WA","Seattle, WA",1 day ago,False,05fb71f4b03da560,Data Scientist/Systems Analyst,"indeed_clk(this,'3191');","Our projects are very diverse, from designing and developing web-based business intelligence portals to developing document management - business intelligence...",WSP | Parsons Brinckerhoff,False,WA,,http://www.indeed.com/viewjob?jk=05fb71f4b03da560&qd=kzI5tJZPkWJqoVrEwKNhYpIFnsRgledjPocYT4JdGR8ZLu9kPmp6_s1DELwBDGVOuRJIGPm8XICDSN9P7pG7oN0cen5uxlFTh8KvhqkalJgkt0LCVy_rQinuMfW47e_m&indpubnum=8836246992678581&atk=1bavv9qapa3gjcba
77,Kirkland,Tableau,US,"Sat, 04 Mar 2017 00:52:47 GMT",False,"Kirkland, WA","Kirkland, WA",7 days ago,False,375f7b3b3dc29ed3,Software Engineer,"indeed_clk(this,'3191');","Excellent understanding of Object Oriented languages such as C++, <b>Java</b>, or <b>Python</b>. 3+ years' experience working with <b>python</b> tools, scripts, &amp; frameworks....",Tableau,False,WA,,http://www.indeed.com/viewjob?jk=375f7b3b3dc29ed3&qd=kzI5tJZPkWJqoVrEwKNhYpIFnsRgledjPocYT4JdGR8ZLu9kPmp6_s1DELwBDGVOuRJIGPm8XICDSN9P7pG7oN0cen5uxlFTh8KvhqkalJgkt0LCVy_rQinuMfW47e_m&indpubnum=8836246992678581&atk=1bavv9qapa3gjcba
78,Seattle,Google,US,"Tue, 31 Jan 2017 13:03:26 GMT",False,"Seattle, WA","Seattle, WA",30+ days ago,False,d920fe97ffe7fb35,"Technical Curriculum Developer, Google Cloud Platform","indeed_clk(this,'3191');","Recent coding experience in one or more of the following languages, <b>Java</b>, .Net, Perl, PHP, Ruby or <b>Python</b>. Google Cloud teams work with schools, companies and...",Google,False,WA,,http://www.indeed.com/viewjob?jk=d920fe97ffe7fb35&qd=kzI5tJZPkWJqoVrEwKNhYpIFnsRgledjPocYT4JdGR8ZLu9kPmp6_s1DELwBDGVOuRJIGPm8XICDSN9P7pG7oN0cen5uxlFTh8KvhqkalJgkt0LCVy_rQinuMfW47e_m&indpubnum=8836246992678581&atk=1bavv9qapa3gjcba
79,Seattle,Alamere Inc,US,"Tue, 21 Feb 2017 18:48:10 GMT",False,"Seattle, WA","Seattle, WA 98104",18 days ago,True,c7db0b45b3859e54,Big Data Engineer,"indeed_clk(this,'3191');","Expertise in <b>Java</b>, Scala, <b>Python</b>, or similar. We are looking for Big Data Engineer who have a passion for building data platforms and driving insights from...",Indeed,False,WA,,http://www.indeed.com/viewjob?jk=c7db0b45b3859e54&qd=kzI5tJZPkWJqoVrEwKNhYpIFnsRgledjPocYT4JdGR8ZLu9kPmp6_s1DELwBDGVOuRJIGPm8XICDSN9P7pG7oN0cen5uxlFTh8KvhqkalJgkt0LCVy_rQinuMfW47e_m&indpubnum=8836246992678581&atk=1bavv9qapa3gjcba
80,Seattle,Businessolver,US,"Mon, 13 Feb 2017 06:52:25 GMT",False,"Seattle, WA","Seattle, WA",26 days ago,False,a2a7ac03c6d7713d,Machine Learning Engineer - SEATTLE,"indeed_clk(this,'3191');",Fluency in a low-level language such as <b>Java</b> or C++. Fluency in a high-level modeling language such as <b>Python</b> scientific computing libraries or R....,Businessolver,False,WA,,http://www.indeed.com/viewjob?jk=a2a7ac03c6d7713d&qd=kzI5tJZPkWJqoVrEwKNhYpIFnsRgledjPocYT4JdGR8ZLu9kPmp6_s1DELwBDGVOuRJIGPm8XICDSN9P7pG7oN0cen5uxlFTh8KvhqkalJgkt0LCVy_rQinuMfW47e_m&indpubnum=8836246992678581&atk=1bavv9qapa3gjcba
81,Redmond,Microsoft,US,"Thu, 09 Feb 2017 00:13:55 GMT",False,"Redmond, WA","Redmond, WA 98052",30+ days ago,False,0b18d1ccbb83ef88,Data Engineer,"indeed_clk(this,'3191');","5+ years of experience working with software programming and familiarity with languages like C++, C#, <b>Java</b>, <b>Python</b>, SQL....",Microsoft,False,WA,,http://www.indeed.com/viewjob?jk=0b18d1ccbb83ef88&qd=kzI5tJZPkWJqoVrEwKNhYpIFnsRgledjPocYT4JdGR8ZLu9kPmp6_s1DELwBDGVOuRJIGPm8XICDSN9P7pG7oN0cen5uxlFTh8KvhqkalJgkt0LCVy_rQinuMfW47e_m&indpubnum=8836246992678581&atk=1bavv9qapa3gjcba
82,Bellevue,Concur,US,"Thu, 09 Mar 2017 00:36:56 GMT",False,"Bellevue, WA","Bellevue, WA",3 days ago,False,69c2f5076df39cd7,Data Scientist,"indeed_clk(this,'3191');","Experience with a variety of relevant data manipulation languages (<b>Python</b>, <b>Java</b>, SQL). Concur, a part of SAP, imagines the way the world should work, offering...",Concur,False,WA,,http://www.indeed.com/viewjob?jk=69c2f5076df39cd7&qd=kzI5tJZPkWJqoVrEwKNhYpIFnsRgledjPocYT4JdGR8ZLu9kPmp6_s1DELwBDGVOuRJIGPm8XICDSN9P7pG7oN0cen5uxlFTh8KvhqkalJgkt0LCVy_rQinuMfW47e_m&indpubnum=8836246992678581&atk=1bavv9qapa3gjcba
83,Bellevue,Ericsson,US,"Tue, 14 Feb 2017 23:45:07 GMT",False,"Bellevue, WA","Bellevue, WA",25 days ago,False,104a7e2b5eeea1b2,Developer/Integration Tester,"indeed_clk(this,'3191');",Solid <b>Java</b> or <b>Python</b> expertise. Solid experience with <b>Java</b> test tools. Ericsson is a world-leading provider of telecommunications equipment &amp; services to mobile...,Ericsson,False,WA,,http://www.indeed.com/viewjob?jk=104a7e2b5eeea1b2&qd=kzI5tJZPkWJqoVrEwKNhYpIFnsRgledjPocYT4JdGR8ZLu9kPmp6_s1DELwBDGVOuRJIGPm8XICDSN9P7pG7oN0cen5uxlFTh8KvhqkalJgkt0LCVy_rQinuMfW47e_m&indpubnum=8836246992678581&atk=1bavv9qapa3gjcba
84,Bellevue,Smartsheet,US,"Tue, 14 Feb 2017 20:28:34 GMT",False,"Bellevue, WA","Bellevue, WA",25 days ago,False,b6f4ca38fb46e111,Developer Advocate,"indeed_clk(this,'3191');","Proficiency in more than one language/platform, and must be willing to learn more languages/platforms as necessary, particularly .NET, <b>Java</b>/JVM, NodeJS, <b>Python</b>,...",Smartsheet,False,WA,,http://www.indeed.com/viewjob?jk=b6f4ca38fb46e111&qd=kzI5tJZPkWJqoVrEwKNhYpIFnsRgledjPocYT4JdGR8ZLu9kPmp6_s1DELwBDGVOuRJIGPm8XICDSN9P7pG7oN0cen5uxlFTh8KvhqkalJgkt0LCVy_rQinuMfW47e_m&indpubnum=8836246992678581&atk=1bavv9qapa3gjcba
85,Seattle,Amazon,US,"Mon, 06 Mar 2017 18:20:34 GMT",False,"Seattle, WA","Seattle, WA",5 days ago,True,a0a9543e8267d3b0,Software Development Engineer,"indeed_clk(this,'3191');","C++ or <b>Java</b> or C# or <b>Python</b>:. 7+ years of experience in an object oriented language such as <b>Java</b>, C#, or C++ or <b>Python</b>....",Indeed,False,WA,,http://www.indeed.com/viewjob?jk=a0a9543e8267d3b0&qd=kzI5tJZPkWJqoVrEwKNhYpIFnsRgledjPocYT4JdGR8ZLu9kPmp6_s1DELwBDGVOuRJIGPm8XICDSN9P7pG7oN0cen5uxlFTh8KvhqkalJgkt0LCVy_rQinuMfW47e_m&indpubnum=8836246992678581&atk=1bavv9qapa3gjcba
86,Redmond,Microsoft,US,"Wed, 15 Feb 2017 12:36:49 GMT",False,"Redmond, WA","Redmond, WA 98052",24 days ago,False,3af2c6effdfe25df,Senior Software Engineer,"indeed_clk(this,'3191');","5+ years of industry experience - Proficient in C++, C#, C, <b>Java</b> OR <b>Python</b> - A technical degree in computer science or 8 years of industry equivalent experience...",Microsoft,False,WA,,http://www.indeed.com/viewjob?jk=3af2c6effdfe25df&qd=kzI5tJZPkWJqoVrEwKNhYpIFnsRgledjPocYT4JdGR8ZLu9kPmp6_s1DELwBDGVOuRJIGPm8XICDSN9P7pG7oN0cen5uxlFTh8KvhqkalJgkt0LCVy_rQinuMfW47e_m&indpubnum=8836246992678581&atk=1bavv9qapa3gjcba
87,Seattle,Nordstrom,US,"Thu, 05 Jan 2017 17:57:34 GMT",False,"Seattle, WA","Seattle, WA",30+ days ago,False,dbdeca96f13afc72,Principal Engineer,"indeed_clk(this,'3191');","Experience in scripting languages such as <b>python</b>, bash. 7+ years of current professional experience working with <b>Java</b>....",Nordstrom,False,WA,,http://www.indeed.com/viewjob?jk=dbdeca96f13afc72&qd=kzI5tJZPkWJqoVrEwKNhYpIFnsRgledjPocYT4JdGR8ZLu9kPmp6_s1DELwBDGVOuRJIGPm8XICDSN9P7pG7oN0cen5uxlFTh8KvhqkalJgkt0LCVy_rQinuMfW47e_m&indpubnum=8836246992678581&atk=1bavv9qapa3gjcba
88,Seattle,Eagle Creek Software Services,US,"Thu, 09 Mar 2017 07:08:38 GMT",False,"Seattle, WA","Seattle, WA",2 days ago,False,1297d6bcb5c7dca4,Python Lead / Java,"indeed_clk(this,'3191');",<b>Python</b> Lead / <b>Java</b>. Extensive knowledge of <b>Python</b> and <b>Java</b> frameworks. 5+ years <b>Java</b> development experience. Minimum one full cycle <b>Python</b> development project...,Eagle Creek Software Services,False,WA,,http://www.indeed.com/viewjob?jk=1297d6bcb5c7dca4&qd=kzI5tJZPkWJqoVrEwKNhYpIFnsRgledjPocYT4JdGR8ZLu9kPmp6_s1DELwBDGVOuRJIGPm8XICDSN9P7pG7oN0cen5uxlFTh8KvhqkalJgkt0LCVy_rQinuMfW47e_m&indpubnum=8836246992678581&atk=1bavv9qapa3gjcba
89,Seattle,Uber,US,"Wed, 08 Feb 2017 22:06:27 GMT",False,"Seattle, WA","Seattle, WA 98101",30+ days ago,False,3756c2a3f5c97f64,Senior Software Engineer - Developer Platform,"indeed_clk(this,'3191');","<b>Python</b>, <b>Java</b>, Go, C#Experience with existing development frameworks &amp; tools in large companies.Prior experience working in Linux environmentsSome knowledge of...",Uber,False,WA,,http://www.indeed.com/viewjob?jk=3756c2a3f5c97f64&qd=kzI5tJZPkWJqoVrEwKNhYpIFnsRgledjPocYT4JdGR8ZLu9kPmp6_s1DELwBDGVOuRJIGPm8XICDSN9P7pG7oN0cen5uxlFTh8KvhqkalJgkt0LCVy_rQinuMfW47e_m&indpubnum=8836246992678581&atk=1bavv9qapa3gjcba
90,Seattle,"Ecotope, Inc.",US,"Fri, 10 Feb 2017 18:22:28 GMT",False,"Seattle, WA","Seattle, WA",29 days ago,True,65f9d5f2609c4c3d,Quantitative Analyst,"indeed_clk(this,'3191');","Experience writing code in low-level programming languages such as C, C++, or <b>Java</b>. Experience writing data analysis computer code in high-level programming...",Indeed,False,WA,,http://www.indeed.com/viewjob?jk=65f9d5f2609c4c3d&qd=kzI5tJZPkWJqoVrEwKNhYpIFnsRgledjPocYT4JdGR8ZLu9kPmp6_s1DELwBDGVOuRJIGPm8XICDSN9P7pG7oN0cen5uxlFTh8KvhqkalJgkt0LCVy_rQinuMfW47e_m&indpubnum=8836246992678581&atk=1bavv9qapa3gjcba
91,Seattle,Amazon Corporate LLC,US,"Sun, 22 Jan 2017 06:08:15 GMT",False,"Seattle, WA","Seattle, WA",30+ days ago,False,c4db18859e98f6df,Senior Software Engineer,"indeed_clk(this,'3191');","Knowledge of at least one VHLL/scripting language, e.g. Ruby, <b>Python</b>, Perl. Knowledge of at least one programming language typically used for building large...",Amazon.com,False,WA,,http://www.indeed.com/viewjob?jk=c4db18859e98f6df&qd=kzI5tJZPkWJqoVrEwKNhYpIFnsRgledjPocYT4JdGR8ZLu9kPmp6_s1DELwBDGVOuRJIGPm8XICDSN9P7pG7oN0cen5uxlFTh8KvhqkalJgkt0LCVy_rQinuMfW47e_m&indpubnum=8836246992678581&atk=1bavv9qapa3gjcba
92,Bellevue,Microsoft,US,"Thu, 16 Feb 2017 00:38:19 GMT",False,"Bellevue, WA","Bellevue, WA",24 days ago,False,b805fb3c6e2f4907,Data and Applied Scientist II,"indeed_clk(this,'3191');","The Satisfy team in the Customer Success Engineering org is fanatically focused on customer satisfaction across the Office 365 suite: measuring it, deeply",Microsoft,False,WA,,http://www.indeed.com/viewjob?jk=b805fb3c6e2f4907&qd=kzI5tJZPkWJqoVrEwKNhYpIFnsRgledjPocYT4JdGR8ZLu9kPmp6_s1DELwBDGVOuRJIGPm8XICDSN9P7pG7oN0cen5uxlFTh8KvhqkalJgkt0LCVy_rQinuMfW47e_m&indpubnum=8836246992678581&atk=1bavv9qapa3gjcba
93,Seattle,Vulcan Inc.,US,"Tue, 07 Feb 2017 04:02:57 GMT",False,"Seattle, WA","Seattle, WA",30+ days ago,False,4c492426773e38b6,Machine Learning RSDE Intern (Vulcan Technology),"indeed_clk(this,'3191');","<b>Python</b>, C, <b>Java</b> or other languages used in ML. Machine Learning RSDE Intern (Vulcan Technology)....",Vulcan Inc.,False,WA,,http://www.indeed.com/viewjob?jk=4c492426773e38b6&qd=kzI5tJZPkWJqoVrEwKNhYpIFnsRgledjPocYT4JdGR8ZLu9kPmp6_s1DELwBDGVOuRJIGPm8XICDSN9P7pG7oN0cen5uxlFTh8KvhqkalJgkt0LCVy_rQinuMfW47e_m&indpubnum=8836246992678581&atk=1bavv9qapa3gjcba
94,Seattle,Apkudo,US,"Wed, 22 Feb 2017 16:54:23 GMT",False,"Seattle, WA","Seattle, WA",17 days ago,True,8fff1ce194bed131,Software Engineer,"indeed_clk(this,'3191');","<b>Python</b>, Javascript (Node/React), SQL (Postgres), Hadoop/Spark, C, <b>Java</b>. Apkudo is a smart device test company that places user experience at the forefront of...",Indeed,False,WA,,http://www.indeed.com/viewjob?jk=8fff1ce194bed131&qd=kzI5tJZPkWJqoVrEwKNhYpIFnsRgledjPocYT4JdGR8ZLu9kPmp6_s1DELwBDGVOuRJIGPm8XICDSN9P7pG7oN0cen5uxlFTh8KvhqkalJgkt0LCVy_rQinuMfW47e_m&indpubnum=8836246992678581&atk=1bavv9qapa3gjcba
95,Seattle,Oracle,US,"Thu, 09 Mar 2017 17:07:21 GMT",False,"Seattle, WA","Seattle, WA",2 days ago,False,8e36c39f8c1bd843,Principal Member of Technical Staff (Block Storage) (Public Cloud),"indeed_clk(this,'3191');","Strong knowledge of C, C++ or <b>Java</b>, and experience with scripting languages such as <b>Python</b>, Perl, etc. Are you interested in building large-scale distributed...",Oracle,False,WA,,http://www.indeed.com/viewjob?jk=8e36c39f8c1bd843&qd=kzI5tJZPkWJqoVrEwKNhYpIFnsRgledjPocYT4JdGR8ZLu9kPmp6_s1DELwBDGVOuRJIGPm8XICDSN9P7pG7oN0cen5uxlFTh8KvhqkalJgkt0LCVy_rQinuMfW47e_m&indpubnum=8836246992678581&atk=1bavv9qapa3gjcba
96,Seattle,Amazon Corporate LLC,US,"Wed, 08 Feb 2017 11:11:29 GMT",False,"Seattle, WA","Seattle, WA",30+ days ago,False,77a4228568a8121a,Sr.Java/Python Full stack Engineer,"indeed_clk(this,'3191');",Sr. Software Development Engineer – Java/Python Full stack The goal of Amazon Catalog team is to enhance customer experience by providing a rich well,Amazon.com,False,WA,,http://www.indeed.com/viewjob?jk=77a4228568a8121a&qd=kzI5tJZPkWJqoVrEwKNhYpIFnsRgledjPocYT4JdGR8ZLu9kPmp6_s1DELwBDGVOuRJIGPm8XICDSN9P7pG7oN0cen5uxlFTh8KvhqkalJgkt0LCVy_rQinuMfW47e_m&indpubnum=8836246992678581&atk=1bavv9qapa3gjcba
97,Woodinville,Precor Inc.,US,"Sat, 04 Mar 2017 11:03:52 GMT",False,"Woodinville, WA","Woodinville, WA 98072",7 days ago,True,2abc2e99a72886b8,Software Engineer - Build & Development,"indeed_clk(this,'3191');","Developing with C/C++, <b>Java</b>, or another object-oriented language. Developing complex scripts in a scripting language (Bash, <b>Python</b>, JavaScript)....",Precor Inc.,False,WA,,http://www.indeed.com/viewjob?jk=2abc2e99a72886b8&qd=kzI5tJZPkWJqoVrEwKNhYpIFnsRgledjPocYT4JdGR8ZLu9kPmp6_s1DELwBDGVOuRJIGPm8XICDSN9P7pG7oN0cen5uxlFTh8KvhqkalJgkt0LCVy_rQinuMfW47e_m&indpubnum=8836246992678581&atk=1bavv9qapa3gjcba
98,Seattle,Oracle,US,"Tue, 07 Mar 2017 17:03:18 GMT",False,"Seattle, WA","Seattle, WA",4 days ago,False,8639c34b126469b6,Principal Member of Technical Staff - Network Infrastructure,"indeed_clk(this,'3191');","Proficient with <b>Java</b>, <b>Python</b>, Ruby. Proficient in <b>Python</b>, Ruby, <b>Java</b>, C/C++. Proficient in coding complex systems using <b>Python</b>, Ruby, <b>Java</b>, C/C++....",Oracle,False,WA,,http://www.indeed.com/viewjob?jk=8639c34b126469b6&qd=kzI5tJZPkWJqoVrEwKNhYpIFnsRgledjPocYT4JdGR8ZLu9kPmp6_s1DELwBDGVOuRJIGPm8XICDSN9P7pG7oN0cen5uxlFTh8KvhqkalJgkt0LCVy_rQinuMfW47e_m&indpubnum=8836246992678581&atk=1bavv9qapa3gjcba
99,Seattle,f5,US,"Sat, 11 Mar 2017 00:29:30 GMT",False,"Seattle, WA","Seattle, WA",1 day ago,False,9c98a705c63d7467,Principal Software Engineer - PDI Team,"indeed_clk(this,'3191');","Go, <b>Python</b>, C/C++, <b>Java</b>, SQL, Perl. Are you looking for a great team, a positive and productive work environment, and the opportunity to fully leverage your...",f5,False,WA,,http://www.indeed.com/viewjob?jk=9c98a705c63d7467&qd=kzI5tJZPkWJqoVrEwKNhYpIFnsRgledjPocYT4JdGR8ZLu9kPmp6_s1DELwBDGVOuRJIGPm8XICDSN9P7pG7oN0cen5uxlFTh8KvhqkalJgkt0LCVy_rQinuMfW47e_m&indpubnum=8836246992678581&atk=1bavv9qapa3gjcba
125,Renton,Meteorcomm LLC,US,"Tue, 22 Nov 2016 00:47:50 GMT",False,"Renton, WA","Renton, WA 98057",30+ days ago,False,6f7791d368d1f64a,Sr Software Engineer,"indeed_clk(this,'3513');","A BS in Electrical Engineering, Computer Science, or related field 5 + years of e xperience in embedded and application software development processes and Agile...",Meteorcomm LLC,False,WA,,http://www.indeed.com/viewjob?jk=6f7791d368d1f64a&qd=kzI5tJZPkWJqoVrEwKNhYpIFnsRgledjPocYT4JdGR8ZLu9kPmp6_s1DELwBDGVOuRJIGPm8XICDSN9P7pG7oN0cen5uxlFTh8KvhqkalJgkt0LCVy_rQinuMfW47e_m&indpubnum=8836246992678581&atk=1bavv9qkq182r1jh
126,Bellevue,Microsoft,US,"Sat, 18 Feb 2017 06:45:25 GMT",False,"Bellevue, WA","Bellevue, WA",21 days ago,False,b5dffefd286cefb3,Data Scientist,"indeed_clk(this,'3513');","Scala, <b>Java</b>, C++ or C#. We prefer C#, <b>Python</b> and SQL but are open to all OO programming languages. What if your job description were simply “Make tomorrow...",Microsoft,False,WA,,http://www.indeed.com/viewjob?jk=b5dffefd286cefb3&qd=kzI5tJZPkWJqoVrEwKNhYpIFnsRgledjPocYT4JdGR8ZLu9kPmp6_s1DELwBDGVOuRJIGPm8XICDSN9P7pG7oN0cen5uxlFTh8KvhqkalJgkt0LCVy_rQinuMfW47e_m&indpubnum=8836246992678581&atk=1bavv9qkq182r1jh
127,Seattle,Oracle,US,"Fri, 24 Feb 2017 22:30:42 GMT",False,"Seattle, WA","Seattle, WA",15 days ago,False,76f897b45591921e,Senior Software Developer 3,"indeed_clk(this,'3513');","Such as <b>Python</b>, Perl, etc. Strong knowledge of C, C++ or <b>Java</b>, and experience with scripting languages. Are....",Oracle,False,WA,,http://www.indeed.com/viewjob?jk=76f897b45591921e&qd=kzI5tJZPkWJqoVrEwKNhYpIFnsRgledjPocYT4JdGR8ZLu9kPmp6_s1DELwBDGVOuRJIGPm8XICDSN9P7pG7oN0cen5uxlFTh8KvhqkalJgkt0LCVy_rQinuMfW47e_m&indpubnum=8836246992678581&atk=1bavv9qkq182r1jh
128,Seattle,Amazon Corporate LLC,US,"Sat, 04 Mar 2017 00:23:07 GMT",False,"Seattle, WA","Seattle, WA",8 days ago,False,539272f686a7b6d5,Programmer Analyst II for ASK tools,"indeed_clk(this,'3513');","Proficiency in, at least, one modern programming language such as C, C++, <b>Java</b>, <b>Python</b> or PERL. Programmer/Analysts are programming specialists with deep domain...",Amazon.com,False,WA,,http://www.indeed.com/viewjob?jk=539272f686a7b6d5&qd=kzI5tJZPkWJqoVrEwKNhYpIFnsRgledjPocYT4JdGR8ZLu9kPmp6_s1DELwBDGVOuRJIGPm8XICDSN9P7pG7oN0cen5uxlFTh8KvhqkalJgkt0LCVy_rQinuMfW47e_m&indpubnum=8836246992678581&atk=1bavv9qkq182r1jh
129,Seattle,Amazon Corporate LLC,US,"Fri, 17 Feb 2017 17:34:04 GMT",False,"Seattle, WA","Seattle, WA",22 days ago,False,2c32303eda6beb48,Software Developer - Network Optimization and Planning,"indeed_clk(this,'3513');","Experience with <b>Java</b> or C++ and knowledge of a scripting language (Perl, Ruby, <b>Python</b>). Have you ever ordered a product on Amazon and when that box with the...",Amazon.com,False,WA,,http://www.indeed.com/viewjob?jk=2c32303eda6beb48&qd=kzI5tJZPkWJqoVrEwKNhYpIFnsRgledjPocYT4JdGR8ZLu9kPmp6_s1DELwBDGVOuRJIGPm8XICDSN9P7pG7oN0cen5uxlFTh8KvhqkalJgkt0LCVy_rQinuMfW47e_m&indpubnum=8836246992678581&atk=1bavv9qkq182r1jh
130,Seattle,Amazon Corporate LLC,US,"Fri, 17 Feb 2017 17:34:00 GMT",False,"Seattle, WA","Seattle, WA",22 days ago,False,e1aa344b0fc14b7c,Backend Software Developer - Distributed Systems,"indeed_clk(this,'3513');","Software development skills, preferably in <b>Java</b>, C/C++, <b>Python</b>, Ruby and/or Perl in Linux environment. They build large-scale distributed software systems in...",Amazon.com,False,WA,,http://www.indeed.com/viewjob?jk=e1aa344b0fc14b7c&qd=kzI5tJZPkWJqoVrEwKNhYpIFnsRgledjPocYT4JdGR8ZLu9kPmp6_s1DELwBDGVOuRJIGPm8XICDSN9P7pG7oN0cen5uxlFTh8KvhqkalJgkt0LCVy_rQinuMfW47e_m&indpubnum=8836246992678581&atk=1bavv9qkq182r1jh
131,Seattle,Amazon Corporate LLC,US,"Thu, 02 Mar 2017 00:16:23 GMT",False,"Seattle, WA","Seattle, WA",10 days ago,False,37a9cb30033d40c5,Natural Language Processing Scientist,"indeed_clk(this,'3513');","Strong programming skills in at least one object oriented programming language (<b>Java</b>, Scala, C++, <b>Python</b>, etc.)....",Amazon.com,False,WA,,http://www.indeed.com/viewjob?jk=37a9cb30033d40c5&qd=kzI5tJZPkWJqoVrEwKNhYpIFnsRgledjPocYT4JdGR8ZLu9kPmp6_s1DELwBDGVOuRJIGPm8XICDSN9P7pG7oN0cen5uxlFTh8KvhqkalJgkt0LCVy_rQinuMfW47e_m&indpubnum=8836246992678581&atk=1bavv9qkq182r1jh
132,Seattle,Amazon Corporate LLC,US,"Fri, 10 Feb 2017 23:10:53 GMT",False,"Seattle, WA","Seattle, WA",29 days ago,False,2cfdbb4b01209211,Programmer Analyst,"indeed_clk(this,'3513');","Experience in at least one modern object-oriented programming language (Ruby, <b>Python</b>, <b>Java</b>). ACES is seeking a highly talented and motivated Programmer/Analyst...",Amazon.com,False,WA,,http://www.indeed.com/viewjob?jk=2cfdbb4b01209211&qd=kzI5tJZPkWJqoVrEwKNhYpIFnsRgledjPocYT4JdGR8ZLu9kPmp6_s1DELwBDGVOuRJIGPm8XICDSN9P7pG7oN0cen5uxlFTh8KvhqkalJgkt0LCVy_rQinuMfW47e_m&indpubnum=8836246992678581&atk=1bavv9qkq182r1jh
133,Seattle,Amazon Corporate LLC,US,"Wed, 08 Mar 2017 06:44:26 GMT",False,"Seattle, WA","Seattle, WA",3 days ago,False,e849d790d4873aa3,Software Development Engineer – Developer Experience,"indeed_clk(this,'3513');","Proficiency in, at least, one modern dynamic programming language such as Ruby, <b>Python</b>, Javascript. Proficiency in, at least, one modern programming language...",Amazon.com,False,WA,,http://www.indeed.com/viewjob?jk=e849d790d4873aa3&qd=kzI5tJZPkWJqoVrEwKNhYpIFnsRgledjPocYT4JdGR8ZLu9kPmp6_s1DELwBDGVOuRJIGPm8XICDSN9P7pG7oN0cen5uxlFTh8KvhqkalJgkt0LCVy_rQinuMfW47e_m&indpubnum=8836246992678581&atk=1bavv9qkq182r1jh
134,Seattle,"Amazon Web Services, Inc.",US,"Thu, 19 Jan 2017 18:10:20 GMT",False,"Seattle, WA","Seattle, WA",30+ days ago,False,5eb39e6c16f5a650,Fullstack developer - AWS Solutions Architecture,"indeed_clk(this,'3513');","Build on AWS for AWS! We are a development team tasked with creating a new set of services and applications to scale up AWS solution architects, other...",Amazon.com,False,WA,,http://www.indeed.com/viewjob?jk=5eb39e6c16f5a650&qd=kzI5tJZPkWJqoVrEwKNhYpIFnsRgledjPocYT4JdGR8ZLu9kPmp6_s1DELwBDGVOuRJIGPm8XICDSN9P7pG7oN0cen5uxlFTh8KvhqkalJgkt0LCVy_rQinuMfW47e_m&indpubnum=8836246992678581&atk=1bavv9qkq182r1jh
135,Seattle,"Amazon Web Services, Inc.",US,"Wed, 01 Feb 2017 21:55:52 GMT",False,"Seattle, WA","Seattle, WA",30+ days ago,False,f4f6c125abf518fa,Machine Learning Software Dev Engineer,"indeed_clk(this,'3513');","Strong object-oriented design and coding skills (<b>Java</b>, <b>Python</b>, and/or C++) preferably on a Unix or Linux platform....",Amazon.com,False,WA,,http://www.indeed.com/viewjob?jk=f4f6c125abf518fa&qd=kzI5tJZPkWJqoVrEwKNhYpIFnsRgledjPocYT4JdGR8ZLu9kPmp6_s1DELwBDGVOuRJIGPm8XICDSN9P7pG7oN0cen5uxlFTh8KvhqkalJgkt0LCVy_rQinuMfW47e_m&indpubnum=8836246992678581&atk=1bavv9qkq182r1jh
136,Seattle,Amazon Corporate LLC,US,"Thu, 19 Jan 2017 17:39:08 GMT",False,"Seattle, WA","Seattle, WA",30+ days ago,False,a7f6e889fb0d5eef,Cloud Systems Developer Engineer,"indeed_clk(this,'3513');","Join AWS to help mobile developers build great cloud-backed apps! As a member of the AWS Mobile team, you will develop services that cater to the needs of",Amazon.com,False,WA,,http://www.indeed.com/viewjob?jk=a7f6e889fb0d5eef&qd=kzI5tJZPkWJqoVrEwKNhYpIFnsRgledjPocYT4JdGR8ZLu9kPmp6_s1DELwBDGVOuRJIGPm8XICDSN9P7pG7oN0cen5uxlFTh8KvhqkalJgkt0LCVy_rQinuMfW47e_m&indpubnum=8836246992678581&atk=1bavv9qkq182r1jh
137,Bellevue,Intellipro Group Inc.,US,"Fri, 27 Jan 2017 02:01:14 GMT",False,"Bellevue, WA","Bellevue, WA",30+ days ago,True,41ecf66e147283c8,"Sr. Engineer, Cloud Software Developer","indeed_clk(this,'3513');","Go, <b>Java</b>, C/C++, Ruby, <b>Python</b> and Node.js. About the position*....",Indeed,False,WA,,http://www.indeed.com/viewjob?jk=41ecf66e147283c8&qd=kzI5tJZPkWJqoVrEwKNhYpIFnsRgledjPocYT4JdGR8ZLu9kPmp6_s1DELwBDGVOuRJIGPm8XICDSN9P7pG7oN0cen5uxlFTh8KvhqkalJgkt0LCVy_rQinuMfW47e_m&indpubnum=8836246992678581&atk=1bavv9qkq182r1jh
138,Redmond,General Electric,US,"Wed, 22 Feb 2017 02:59:39 GMT",False,"Redmond, WA","Redmond, WA 98053",17 days ago,False,d4ae8cd7ecb4ead8,Lead Solution Integration Engineer,"indeed_clk(this,'3513');","C++ or C# or <b>Java</b> and <b>Python</b> or Perl. GE is the world's Digital Industrial Company, transforming industry with software-defined machines and solutions that are...",GE Careers,False,WA,,http://www.indeed.com/viewjob?jk=d4ae8cd7ecb4ead8&qd=kzI5tJZPkWJqoVrEwKNhYpIFnsRgledjPocYT4JdGR8ZLu9kPmp6_s1DELwBDGVOuRJIGPm8XICDSN9P7pG7oN0cen5uxlFTh8KvhqkalJgkt0LCVy_rQinuMfW47e_m&indpubnum=8836246992678581&atk=1bavv9qkq182r1jh
139,Seattle,Crackajack Solutions,US,"Thu, 16 Feb 2017 21:07:20 GMT",False,"Seattle, WA","Seattle, WA",23 days ago,True,339fa77d6b98c881,Software Engineer,"indeed_clk(this,'3513');","Proficiency in at least one programming language (GoLang, C/C++, <b>Java</b>, <b>Python</b>, etc.). 3+ years of experience delivering complex software solutions....",Indeed,False,WA,,http://www.indeed.com/viewjob?jk=339fa77d6b98c881&qd=kzI5tJZPkWJqoVrEwKNhYpIFnsRgledjPocYT4JdGR8ZLu9kPmp6_s1DELwBDGVOuRJIGPm8XICDSN9P7pG7oN0cen5uxlFTh8KvhqkalJgkt0LCVy_rQinuMfW47e_m&indpubnum=8836246992678581&atk=1bavv9qkq182r1jh
140,Seattle,Amazon Corporate LLC,US,"Tue, 31 Jan 2017 18:29:16 GMT",False,"Seattle, WA","Seattle, WA",30+ days ago,False,871df62032c6c9e2,"Software Development Engineer, AWS Machine Learning Platforms","indeed_clk(this,'3513');","Proficiency in, at least, one modern programming language such as <b>Java</b>, <b>Python</b>, C++, C#, Perl. In this role you will design, implement, test, document, and...",Lab126,False,WA,,http://www.indeed.com/viewjob?jk=871df62032c6c9e2&qd=kzI5tJZPkWJqoVrEwKNhYpIFnsRgledjPocYT4JdGR8ZLu9kPmp6_s1DELwBDGVOuRJIGPm8XICDSN9P7pG7oN0cen5uxlFTh8KvhqkalJgkt0LCVy_rQinuMfW47e_m&indpubnum=8836246992678581&atk=1bavv9qkq182r1jh
141,Seattle,Eikon Consulting Group,US,"Wed, 15 Feb 2017 22:06:09 GMT",False,"Seattle, WA","Seattle, WA",24 days ago,True,e6508660691fa620,Software Development Engineer,"indeed_clk(this,'3513');","<b>Java</b> and/or C++ development:. Core competencies in <b>Java</b> and/or C++. Scripting languages such as Ruby, Perl or <b>Python</b>:....",Indeed,False,WA,,http://www.indeed.com/viewjob?jk=e6508660691fa620&qd=kzI5tJZPkWJqoVrEwKNhYpIFnsRgledjPocYT4JdGR8ZLu9kPmp6_s1DELwBDGVOuRJIGPm8XICDSN9P7pG7oN0cen5uxlFTh8KvhqkalJgkt0LCVy_rQinuMfW47e_m&indpubnum=8836246992678581&atk=1bavv9qkq182r1jh
142,Seattle,"Amazon Web Services, Inc.",US,"Sat, 04 Mar 2017 06:24:20 GMT",False,"Seattle, WA","Seattle, WA",7 days ago,False,e29d2f6ae16c7dd7,Associate Solutions Architect,"indeed_clk(this,'3513');","Knowledge of programming or other scripting languages and coding skills (C/C++/C#, Node.JS, <b>Java</b>, <b>Python</b>, PHP, Ruby) desired....",Amazon.com,False,WA,,http://www.indeed.com/viewjob?jk=e29d2f6ae16c7dd7&qd=kzI5tJZPkWJqoVrEwKNhYpIFnsRgledjPocYT4JdGR8ZLu9kPmp6_s1DELwBDGVOuRJIGPm8XICDSN9P7pG7oN0cen5uxlFTh8KvhqkalJgkt0LCVy_rQinuMfW47e_m&indpubnum=8836246992678581&atk=1bavv9qkq182r1jh
143,Seattle,Google,US,"Wed, 08 Feb 2017 15:14:33 GMT",False,"Seattle, WA","Seattle, WA",30+ days ago,False,bfed6119f4fa892f,"Strategic Customer Engineer, Google Cloud","indeed_clk(this,'3513');","Experience in writing software in one or more languages such as <b>Java</b>, Go, <b>Python</b>, PHP or similar. The Google Cloud Platform team helps customers transform and...",Google,False,WA,,http://www.indeed.com/viewjob?jk=bfed6119f4fa892f&qd=kzI5tJZPkWJqoVrEwKNhYpIFnsRgledjPocYT4JdGR8ZLu9kPmp6_s1DELwBDGVOuRJIGPm8XICDSN9P7pG7oN0cen5uxlFTh8KvhqkalJgkt0LCVy_rQinuMfW47e_m&indpubnum=8836246992678581&atk=1bavv9qkq182r1jh
144,Bellevue,iSoftStone North America,US,"Thu, 02 Mar 2017 22:07:24 GMT",False,"Bellevue, WA","Bellevue, WA",9 days ago,True,490911a6ee298ac0,Software Engineer - 3919,"indeed_clk(this,'3513');","C/C++, <b>Python</b>, <b>Java</b>, JavaScript. ISoftStone North America is looking for a Software Engineer to join our Bellevue Team!*....",Indeed,False,WA,,http://www.indeed.com/viewjob?jk=490911a6ee298ac0&qd=kzI5tJZPkWJqoVrEwKNhYpIFnsRgledjPocYT4JdGR8ZLu9kPmp6_s1DELwBDGVOuRJIGPm8XICDSN9P7pG7oN0cen5uxlFTh8KvhqkalJgkt0LCVy_rQinuMfW47e_m&indpubnum=8836246992678581&atk=1bavv9qkq182r1jh
145,Bellevue,Intellipro Group Inc.,US,"Tue, 24 Jan 2017 00:03:54 GMT",False,"Bellevue, WA","Bellevue, WA",30+ days ago,True,b09832968c8a0951,"Sr. Engineer, Cloud Software Developer (Docker )","indeed_clk(this,'3513');","Go, <b>Java</b>, C/C++, Ruby, <b>Python</b> and Node.js. This position will working closely with the cloud security architect, he/she will be responsible for:....",Indeed,False,WA,,http://www.indeed.com/viewjob?jk=b09832968c8a0951&qd=kzI5tJZPkWJqoVrEwKNhYpIFnsRgledjPocYT4JdGR8ZLu9kPmp6_s1DELwBDGVOuRJIGPm8XICDSN9P7pG7oN0cen5uxlFTh8KvhqkalJgkt0LCVy_rQinuMfW47e_m&indpubnum=8836246992678581&atk=1bavv9qkq182r1jh
146,Seattle,Amazon Corporate LLC,US,"Wed, 08 Mar 2017 18:39:08 GMT",False,"Seattle, WA","Seattle, WA",3 days ago,False,100c35d6cedbcf9a,Applied Scientist,"indeed_clk(this,'3513');",Amazon’s Personalization team owns recommending the right product to the right customer at the right time. The team revolutionized e-commerce with features,Amazon.com,False,WA,,http://www.indeed.com/viewjob?jk=100c35d6cedbcf9a&qd=kzI5tJZPkWJqoVrEwKNhYpIFnsRgledjPocYT4JdGR8ZLu9kPmp6_s1DELwBDGVOuRJIGPm8XICDSN9P7pG7oN0cen5uxlFTh8KvhqkalJgkt0LCVy_rQinuMfW47e_m&indpubnum=8836246992678581&atk=1bavv9qkq182r1jh
147,Seattle,Populo Services,US,"Fri, 24 Feb 2017 23:29:21 GMT",False,"Seattle, WA","Seattle, WA",15 days ago,True,2b716ad62cf96225,Senior Software Engineer,"indeed_clk(this,'3513');","Experience in scripting languages such as <b>python</b>, bash. 7+ years of current professional experience working with <b>Java</b>....",Indeed,False,WA,,http://www.indeed.com/viewjob?jk=2b716ad62cf96225&qd=kzI5tJZPkWJqoVrEwKNhYpIFnsRgledjPocYT4JdGR8ZLu9kPmp6_s1DELwBDGVOuRJIGPm8XICDSN9P7pG7oN0cen5uxlFTh8KvhqkalJgkt0LCVy_rQinuMfW47e_m&indpubnum=8836246992678581&atk=1bavv9qkq182r1jh
148,Seattle,Nordstrom,US,"Sat, 25 Feb 2017 06:23:36 GMT",False,"Seattle, WA","Seattle, WA",14 days ago,False,1ed371968a6c7ca9,Senior Software Engineer,"indeed_clk(this,'3513');","Proven proficiency with <b>Python</b>, <b>Java</b>. Senior Software Engineer....",Nordstrom,False,WA,,http://www.indeed.com/viewjob?jk=1ed371968a6c7ca9&qd=kzI5tJZPkWJqoVrEwKNhYpIFnsRgledjPocYT4JdGR8ZLu9kPmp6_s1DELwBDGVOuRJIGPm8XICDSN9P7pG7oN0cen5uxlFTh8KvhqkalJgkt0LCVy_rQinuMfW47e_m&indpubnum=8836246992678581&atk=1bavv9qkq182r1jh
149,Seattle,Amazon Corporate LLC,US,"Sat, 11 Mar 2017 08:42:19 GMT",False,"Seattle, WA","Seattle, WA",15 hours ago,False,c687c29ecdcf5275,Machine Learning Scientist,"indeed_clk(this,'3513');","Skills with <b>Java</b>, C++, or other programming language, as well as with R, MATLAB, <b>Python</b> or similar scripting language....",Lab126,False,WA,,http://www.indeed.com/viewjob?jk=c687c29ecdcf5275&qd=kzI5tJZPkWJqoVrEwKNhYpIFnsRgledjPocYT4JdGR8ZLu9kPmp6_s1DELwBDGVOuRJIGPm8XICDSN9P7pG7oN0cen5uxlFTh8KvhqkalJgkt0LCVy_rQinuMfW47e_m&indpubnum=8836246992678581&atk=1bavv9qkq182r1jh
